{
  "model": "Krypton_Ridge_V1_7Features",
  "features": {
    "Price_to_MA14": 0.110112,
    "Close_Open_Spread": 1.253249,
    "Price_to_MA7": -0.051052,
    "Daily_Return": -2.189534,
    "Volatility_14d": 0.136116,
    "Volatility_7d": 0.428136,
    "High_Low_Spread": 0.230560
  },
  "intercept": -0.079077
